------1NF------
CREATE TABLE USERDETAIL(
USERID VARCHAR(11),
U_EMAIL VARCHAR(60)NOT NULL,
FNAME VARCHAR(20)NOT NULL,
LNAME VARCHAR(20)NOT NULL,
CITY VARCHAR(20)NOT NULL,
STATE VARCHAR(20)NOT NULL,
ZIP VARCHAR(11),
CONSTRAINT USERDETAIL_PK PRIMARY KEY (USERID)
);
DESC USERDETAIL;
DROP TABLE USERDETAIL;

INSERT INTO USERDETAIL(USERID,U_EMAIL,FNAME,LNAME,CITY,STATE,ZIP)VALUES('MA12','alex@ymail.com','alex','jones','houston','texas','75001');
INSERT INTO USERDETAIL(USERID,U_EMAIL,FNAME,LNAME,CITY,STATE,ZIP)VALUES('PO45','emma.john@gmail.com','emma','stone','albany','new work','10008');
INSERT INTO USERDETAIL(USERID,U_EMAIL,FNAME,LNAME,CITY,STATE,ZIP)VALUES('LA33','victoria@yahoo.com','victoria','aurora','istanbul','turkey','34000');
INSERT INTO USERDETAIL(USERID,U_EMAIL,FNAME,LNAME,CITY,STATE,ZIP)VALUES('CH99','joe.1997@hotmailmail.com','joe','johnson','los angeles','california','90201');
INSERT INTO USERDETAIL(USERID,U_EMAIL,FNAME,LNAME,CITY,STATE,ZIP)VALUES('DA74','dlany01@live.com','dany','william','miami','florida','32006');


------------------------------------------------------------------------------------------------------------------------------------------------------------------------------
------2NF-------

CREATE TABLE USERINFO(
USERID VARCHAR(11)NOT NULL,
U_EMAIL VARCHAR(50)NOT NULL,
FNAME VARCHAR(50)NOT NULL,
LNAME VARCHAR(50)NOT NULL,
CONSTRAINT FK_USERINFO
FOREIGN KEY (USERID)
REFERENCES USERDETAIL(USERID)
);

DESC USERINFO;
DROP TABLE USERINFO;


INSERT INTO USERINFO(USERID,U_EMAIL,FNAME,LNAME)VALUES('MA12','alex@ymail.com','alex','jones');
INSERT INTO USERINFO(USERID,U_EMAIL,FNAME,LNAME)VALUES('PO45','emma.john@gmail.com','emma','stone');
INSERT INTO USERINFO(USERID,U_EMAIL,FNAME,LNAME)VALUES('LA33','victoria@yahoo.com','victoria','aurora');
INSERT INTO USERINFO(USERID,U_EMAIL,FNAME,LNAME)VALUES('CH99','joe.1997@hotmailmail.com','joe','johnson');
INSERT INTO USERINFO(USERID,U_EMAIL,FNAME,LNAME)VALUES('DA74','dlany01@live.com','dany','william');


CREATE TABLE ADDRESS(
USERID VARCHAR(11)NOT NULL,
CITY VARCHAR(20)NOT NULL,
STATE VARCHAR(20)NOT NULL,
ZIP VARCHAR(11) NOT NULL,
CONSTRAINT FK_USERID1
FOREIGN KEY (USERID)
REFERENCES USERDETAIL(USERID)
);

DESC ADDRESS;
DROP TABLE ADDRESS;


INSERT INTO ADDRESS(USERID,CITY,STATE,ZIP)VALUES('MA12','houston','texas','75001');
INSERT INTO ADDRESS(USERID,CITY,STATE,ZIP)VALUES('PO45','albany','new work','10008');
INSERT INTO ADDRESS(USERID,CITY,STATE,ZIP)VALUES('LA33','istanbul','turkey','34000');
INSERT INTO ADDRESS(USERID,CITY,STATE,ZIP)VALUES('CH99','los angeles','california','90201');
INSERT INTO ADDRESS(USERID,CITY,STATE,ZIP)VALUES('DA74','miami','florida','32006');

--------------------------------------------------------------------------------------------------------------------------------------------------------------------------------
-------3NF--------


CREATE TABLE USERDATA1(
USERID VARCHAR(11)NOT NULL,
U_EMAIL VARCHAR(60)NOT NULL,
CONSTRAINT FK_USERDATA1
FOREIGN KEY (USERID)
REFERENCES USERDETAIL(USERID)
);

DROP TABLE USERDATA1;
DESC USERDATA1;

INSERT INTO USERDATA1(USERID,U_EMAIL)VALUES('MA12','alex@ymail.com');
INSERT INTO USERDATA1(USERID,U_EMAIL)VALUES('PO45','emma.john@gmail.com');
INSERT INTO USERDATA1(USERID,U_EMAIL)VALUES('LA33','victoria@yahoo.com');
INSERT INTO USERDATA1(USERID,U_EMAIL)VALUES('CH99','joe.1997@hotmailmail.com');
INSERT INTO USERDATA1(USERID,U_EMAIL)VALUES('DA74','dlany01@live.com');



CREATE TABLE USERDATA2(
USERID VARCHAR(11),
FNAME VARCHAR(20)NOT NULL,
LNAME VARCHAR(50)NOT NULL,
CONSTRAINT FK_USERDATA2
FOREIGN KEY (USERID)
REFERENCES USERDETAIL(USERID)
 );
 
 
ALTER TABLE USERDATA2 DROP CONSTRAINT USERID;
DROP TABLE USERDATA2;
DESC USERDATA2;

INSERT INTO USERDATA2(USERID,FNAME,LNAME)VALUES('MA12','alex','jones');
INSERT INTO USERDATA2(USERID,FNAME,LNAME)VALUES('PO45','emma','stone');
INSERT INTO USERDATA2(USERID,FNAME,LNAME)VALUES('LA33','victoria','aurora');
INSERT INTO USERDATA2(USERID,FNAME,LNAME)VALUES('CH99','joe','johnson');
INSERT INTO USERDATA2(USERID,FNAME,LNAME)VALUES('DA74','dany','william');



CREATE TABLE ADDRESS(
USERID VARCHAR(11)NOT NULL,
CITY VARCHAR(20)NOT NULL,
STATE VARCHAR(20)NOT NULL,
ZIP VARCHAR(11) NOT NULL,
CONSTRAINT FK_USERID1
FOREIGN KEY (USERID)
REFERENCES USERINFO(USERID)
);

DESC ADDRESS;
DROP TABLE ADDRESS;


INSERT INTO ADDRESS(USERID,CITY,STATE,ZIP)VALUES('MA12','houston','texas','75001');
INSERT INTO ADDRESS(USERID,CITY,STATE,ZIP)VALUES('PO45','albany','new work','10008');
INSERT INTO ADDRESS(USERID,CITY,STATE,ZIP)VALUES('LA33','istanbul','turkey','34000');
INSERT INTO ADDRESS(USERID,CITY,STATE,ZIP)VALUES('CH99','los angeles','california','90201');
INSERT INTO ADDRESS(USERID,CITY,STATE,ZIP)VALUES('DA74','miami','florida','32006');
